id,language,level,topic,skill,source_ids,placement_rationale,evidence_status,provenance
fr-a1-001,French,A1,Sentence basics,Build short affirmative statements with a subject and a finite verb,COE-CV20;FEI-INV,Immediate familiar exchanges and elementary sentence patterns,source-aligned,Original Langlo summary; references only
fr-a1-002,French,A1,Pronouns,Use subject pronouns with common verbs,FEI-INV,Supports introductions and simple personal statements,source-aligned,Original Langlo summary; references only
fr-a1-003,French,A1,Present tense,Conjugate regular -er verbs in common present-tense statements and questions,FEI-INV,Common everyday actions are an A1 core,source-aligned,Original Langlo summary; references only
fr-a1-004,French,A1,Present tense,Use être and avoir in common present-tense patterns,FEI-INV,Needed for identity and possession,source-aligned,Original Langlo summary; references only
fr-a1-005,French,A1,Present tense,Recognize and use frequent irregular present forms in routine expressions,FEI-INV,Keep the scope to frequent forms rather than a full paradigm,source-aligned,Original Langlo summary; references only
fr-a1-006,French,A1,Negation,Form simple ne...pas negation around a finite verb,FEI-INV,Negation is an elementary sentence operation,source-aligned,Original Langlo summary; references only
fr-a1-007,French,A1,Questions,Ask yes/no questions with intonation and est-ce que,FEI-INV,Needed for basic personal exchanges,source-aligned,Original Langlo summary; references only
fr-a1-008,French,A1,Questions,Ask about people and familiar details with common question words,FEI-INV,Question forms support A1 personal information tasks,source-aligned,Original Langlo summary; references only
fr-a1-009,French,A1,Nouns and articles,Choose common definite and indefinite articles with noun gender,FEI-INV,Core noun phrases are needed for simple reference,source-aligned,Original Langlo summary; references only
fr-a1-010,French,A1,Nouns and articles,Mark regular noun plurals and use plural articles,FEI-INV,Supports familiar lists and descriptions,source-aligned,Original Langlo summary; references only
fr-a1-011,French,A1,Adjectives,Place common adjectives and agree them with familiar nouns,FEI-INV,Restrict production to frequent transparent patterns,source-aligned,Original Langlo summary; references only
fr-a1-012,French,A1,Determiners,Use basic possessive determiners for family and personal belongings,FEI-INV,Matches personal information and familiar possessions,source-aligned,Original Langlo summary; references only
fr-a1-013,French,A1,Determiners,Use ce/cette/ces to identify familiar people and things,FEI-INV,Concrete deictic reference fits immediate contexts,source-aligned,Original Langlo summary; references only
fr-a1-014,French,A1,Quantity,Use common partitive forms for food and uncounted quantities,FEI-INV,Keep to common everyday requests; exact article choice remains item-specific,source-aligned,Original Langlo summary; references only
fr-a1-015,French,A1,Prepositions,Use frequent place prepositions in simple location statements,FEI-INV,Supports describing home and immediate surroundings,source-aligned,Original Langlo summary; references only
fr-a1-016,French,A1,Time,Use common clock and calendar expressions with simple prepositions,FEI-INV,Supports basic appointments and routines,source-aligned,Original Langlo summary; references only
fr-a1-017,French,A1,Verbs,Use the infinitive after common ability and preference verbs,FEI-INV,Simple verb combinations are useful for everyday needs,source-aligned,Original Langlo summary; references only
fr-a1-018,French,A1,Imperative,Understand and produce frequent short instructions and requests,FEI-INV,Use routine forms rather than a complete mood paradigm,source-aligned,Original Langlo summary; references only
fr-a1-019,French,A1,Future,Use aller + infinitive for an immediate plan,FEI-INV,Simple intention is useful in familiar near-term planning,source-aligned,Original Langlo summary; references only
fr-a1-020,French,A1,Connectors,Join short clauses with common additive and contrastive connectors,COE-CV20;FEI-INV,Linear links suit short elementary utterances,source-aligned,Original Langlo summary; references only
de-a1-001,German,A1,Sentence order,Build short main clauses with the finite verb in second position,GOETHE-A1;COE-CV20,Core elementary clause frame in the official A1 inventory,source-aligned,Original Langlo summary; references only
de-a1-002,German,A1,Sentence order,Form yes/no questions with the finite verb first,GOETHE-A1,Supports basic requests and personal exchanges,source-aligned,Original Langlo summary; references only
de-a1-003,German,A1,Questions,Ask simple questions with frequent question words,GOETHE-A1,The official inventory lists question clauses across basic cases,source-aligned,Original Langlo summary; references only
de-a1-004,German,A1,Present tense,Conjugate common regular verbs in the present tense,GOETHE-A1,Official A1 inventory includes present forms of listed verbs,source-aligned,Original Langlo summary; references only
de-a1-005,German,A1,Present tense,Use frequent irregular present forms including sein and haben,GOETHE-A1,Essential identity and possession frames,source-aligned,Original Langlo summary; references only
de-a1-006,German,A1,Negation,Negate noun phrases with kein and clauses with nicht in familiar patterns,GOETHE-A1,Both negative forms are included in the official A1 inventory,source-aligned,Original Langlo summary; references only
de-a1-007,German,A1,Nouns,Recognize grammatical gender and use nominative articles in common noun phrases,GOETHE-A1,Directly represented in the source inventory,source-aligned,Original Langlo summary; references only
de-a1-008,German,A1,Nouns,Form and recognize common singular and plural noun forms,GOETHE-A1,Plural forms remain tied to familiar vocabulary,source-aligned,Original Langlo summary; references only
de-a1-009,German,A1,Cases,Use nominative and accusative articles for common subjects and direct objects,GOETHE-A1,The official A1 list includes these cases in its bounded inventory,source-aligned,Original Langlo summary; references only
de-a1-010,German,A1,Cases,Recognize dative forms in frequent fixed expressions and common verb frames,GOETHE-A1,The source includes dative but this skill is limited to listed frequent frames,local-alignment,Original Langlo summary; references only
de-a1-011,German,A1,Determiners,Use common definite and indefinite articles with familiar nouns,GOETHE-A1,Core noun phrases are needed for everyday reference,source-aligned,Original Langlo summary; references only
de-a1-012,German,A1,Determiners,Use possessive determiners in basic personal descriptions,GOETHE-A1,Included in the official A1 inventory,source-aligned,Original Langlo summary; references only
de-a1-013,German,A1,Determiners,Use demonstratives and kein in short concrete exchanges,GOETHE-A1,Keep forms to common nominative and accusative uses,source-aligned,Original Langlo summary; references only
de-a1-014,German,A1,Pronouns,Use personal pronouns in nominative and selected accusative frames,GOETHE-A1,The official source lists these forms by case,source-aligned,Original Langlo summary; references only
de-a1-015,German,A1,Pronouns,Recognize selected dative pronouns in frequent expressions,GOETHE-A1,Limited dative frames avoid implying a complete productive paradigm,local-alignment,Original Langlo summary; references only
de-a1-016,German,A1,Modal verbs,Use frequent present-tense modal verbs with a final infinitive,GOETHE-A1,Modal verbs and sentence brackets are explicitly inventoried,source-aligned,Original Langlo summary; references only
de-a1-017,German,A1,Separable verbs,Recognize common separable-prefix verbs in statements and questions,GOETHE-A1,The official inventory includes separable verbs and sentence brackets,source-aligned,Original Langlo summary; references only
de-a1-018,German,A1,Past tense,Use Perfekt in a small set of frequent everyday verbs,GOETHE-A1,Source specifies a selected verb list rather than unrestricted past narration,source-aligned,Original Langlo summary; references only
de-a1-019,German,A1,Past tense,Recognize Präteritum of sein and haben in frequent forms,GOETHE-A1,The source limits the A1 past forms to selected forms,source-aligned,Original Langlo summary; references only
de-a1-020,German,A1,Imperative,Understand and use short imperatives in familiar informal singular and plural as well as formal forms,GOETHE-A1,All three forms appear in the A1 inventory,source-aligned,Original Langlo summary; references only
de-a1-021,German,A1,Polite requests,Use möchte and würde gern as memorised polite request patterns,GOETHE-A1,Goethe explicitly places these as lexical units at A1 and not as a systematic Konjunktiv II paradigm,source-aligned,Original Langlo summary; references only
de-a1-022,German,A1,Adjectives,Use frequent adjectives predicatively and in simple adverbial phrases,GOETHE-A1,The A1 source includes predicate and adverbial adjective use,source-aligned,Original Langlo summary; references only
de-a1-023,German,A1,Prepositions,Use frequent time and place prepositions in familiar chunks,GOETHE-A1,The A1 inventory groups time and place prepositions plus manner expressions,source-aligned,Original Langlo summary; references only
de-a1-024,German,A1,Connectors,Join simple clauses with common coordinating connectors,GOETHE-A1;COE-CV20,Elementary linear links fit short utterances,source-aligned,Original Langlo summary; references only
de-a2-001,German,A2,Past tense,Form Perfekt with frequent regular and irregular verbs in short accounts,GOETHE-A2-FIT,The A2 inventory expands the present-to-past repertoire,source-aligned,Original Langlo summary; references only
de-a2-002,German,A2,Past tense,Use Präteritum of sein and haben and frequent modal verbs in familiar narratives,GOETHE-A2-FIT,These forms are explicitly listed at A2; wider literary Präteritum is excluded,source-aligned,Original Langlo summary; references only
de-a2-003,German,A2,Verb patterns,Form common separable verbs across statements and questions as well as imperatives,GOETHE-A2-FIT,Builds from recognition at A1 to routine use across clause types,source-aligned,Original Langlo summary; references only
de-a2-004,German,A2,Sentence order,Use the sentence bracket with modal and separable verbs in short clauses,GOETHE-A2-FIT,The source explicitly includes sentence bracket patterns,source-aligned,Original Langlo summary; references only
de-a2-005,German,A2,Subordinate clauses,Build weil clauses with the finite verb at the end,GOETHE-A2-FIT;COE-CV20,Supports familiar reasons; complex subordination is excluded,local-alignment,Original Langlo summary; references only
de-a2-006,German,A2,Subordinate clauses,Build dass clauses after frequent reporting and opinion verbs,GOETHE-A2-FIT,Restricted to frequent clause frames,source-aligned,Original Langlo summary; references only
de-a2-007,German,A2,Questions,Form embedded questions with common question words,GOETHE-A2-FIT,Introduces basic subordinate word order in predictable contexts,local-alignment,Original Langlo summary; references only
de-a2-008,German,A2,Cases,Use dative and accusative articles in frequent verb and preposition patterns,GOETHE-A2-FIT,Official A2 source covers all three cases; full declension mastery is not assumed,source-aligned,Original Langlo summary; references only
de-a2-009,German,A2,Prepositions,Choose accusative or dative after frequent two-way prepositions for motion and location,GOETHE-A2-FIT,Contextual contrast is a local instructional slice of the A2 case inventory,local-alignment,Original Langlo summary; references only
de-a2-010,German,A2,Pronouns,Use common accusative and dative personal pronouns in short clauses,GOETHE-A2-FIT,The A2 inventory names these forms by case,source-aligned,Original Langlo summary; references only
de-a2-011,German,A2,Pronouns,Use reflexive pronouns with frequent everyday verbs,GOETHE-A2-FIT,Restrict to listed accusative reflexive patterns,source-aligned,Original Langlo summary; references only
de-a2-012,German,A2,Determiners,Decline possessive determiners in common nominative and accusative phrases,GOETHE-A2-FIT,Case forms expand the basic A1 possessive inventory,source-aligned,Original Langlo summary; references only
de-a2-013,German,A2,Determiners,Use demonstrative and interrogative determiners in simple case-marked phrases,GOETHE-A2-FIT,Keep to frequent nominative and accusative examples,source-aligned,Original Langlo summary; references only
de-a2-014,German,A2,Adjectives,Use selected attributive adjective endings after common articles,GOETHE-A2-FIT,The source includes attributive forms; full declension tables are not claimed,source-aligned,Original Langlo summary; references only
de-a2-015,German,A2,Comparison,Form common comparative and superlative expressions,GOETHE-A2-FIT,Comparative forms are listed; productive scope remains common adjectives,source-aligned,Original Langlo summary; references only
de-a2-016,German,A2,Quantity,Use common indefinite pronouns and quantity words in short exchanges,GOETHE-A2-FIT,Examples are constrained to the A2 source inventory,source-aligned,Original Langlo summary; references only
de-a2-017,German,A2,Prepositions,Use frequent temporal prepositions with the expected case in routine expressions,GOETHE-A2-FIT,The source directly inventories common time patterns,source-aligned,Original Langlo summary; references only
de-a2-018,German,A2,Prepositions,Use frequent local prepositions with the expected case in familiar contexts,GOETHE-A2-FIT,The source directly inventories local patterns,source-aligned,Original Langlo summary; references only
de-a2-019,German,A2,Connectors,Connect short clauses with common temporal and reason connectors,GOETHE-A2-FIT;COE-CV20,Choose simple links suited to routine narration,source-aligned,Original Langlo summary; references only
de-a2-020,German,A2,Infinitive clauses,Use zu + infinitive in a limited set of frequent verb patterns,GOETHE-A2-FIT,The exact A2 breadth is not specified in the cited inventory,provisional,Original Langlo summary; references only
de-a2-021,German,A2,Future,Use werden for simple predictions and planned future reference,GOETHE-A2-FIT,Productive range is limited; distinguish from fully developed future-time semantics,local-alignment,Original Langlo summary; references only
de-a2-022,German,A2,Imperative,Use routine du and ihr imperatives for instructions and suggestions,GOETHE-A2-FIT,The A2 inventory includes both forms,source-aligned,Original Langlo summary; references only
de-a2-023,German,A2,Adjectives,Use common adverbs and preference comparisons in short descriptions,GOETHE-A2-FIT,Frequent adverb and comparison patterns are listed,source-aligned,Original Langlo summary; references only
de-a2-024,German,A2,Possession,Express possession with common names and von + dative alternatives,GOETHE-A2-FIT,Name genitives and the von alternative appear in the A2 inventory,source-aligned,Original Langlo summary; references only
en-a1-001,English,A1,Sentence basics,Build short affirmative clauses with a subject and finite verb,COE-CV20;CAM-A1-YLE,Elementary simple messages are the target; this is a local adult-oriented adaptation of a young-learner reference,local-alignment,Original Langlo summary; references only
en-a1-002,English,A1,Be and have,Use be and have got in basic statements and short answers as well as questions,CAM-A1-YLE,These are core simple clause patterns,source-aligned,Original Langlo summary; references only
en-a1-003,English,A1,Present tense,Use present simple for routines and familiar facts about preferences,CAM-A1-YLE;COE-CV20,Supports short descriptions of habits and immediate needs,source-aligned,Original Langlo summary; references only
en-a1-004,English,A1,Present tense,Use present continuous for actions happening now,CAM-A1-YLE,Common present-time action pattern,source-aligned,Original Langlo summary; references only
en-a1-005,English,A1,Past tense,Use frequent regular and irregular past forms in short familiar accounts,CAM-A1-YLE,The A1 Movers inventory includes past forms; age-specific reference limits adult transfer,local-alignment,Original Langlo summary; references only
en-a1-006,English,A1,Questions,Ask and answer yes/no questions with be and do as well as have,CAM-A1-YLE,Simple personal exchanges require basic question patterns,source-aligned,Original Langlo summary; references only
en-a1-007,English,A1,Questions,Ask about people and things in common place and time questions with common question words,CAM-A1-YLE,High-frequency information questions fit elementary contexts,source-aligned,Original Langlo summary; references only
en-a1-008,English,A1,Negation,Make simple negative statements with be and do as well as have,CAM-A1-YLE,Elementary contrasts and refusals require negative forms,source-aligned,Original Langlo summary; references only
en-a1-009,English,A1,Nouns,Use regular plurals and frequent irregular plural nouns,CAM-A1-YLE,The reference includes both common regular and irregular noun forms,source-aligned,Original Langlo summary; references only
en-a1-010,English,A1,Determiners,Use a/an/the and demonstratives with familiar nouns,CAM-A1-YLE,Core concrete noun phrases,source-aligned,Original Langlo summary; references only
en-a1-011,English,A1,Determiners,Use possessive determiners and possessive pronouns in basic descriptions,CAM-A1-YLE,Supports personal details and belongings,source-aligned,Original Langlo summary; references only
en-a1-012,English,A1,Quantity,Use some and any with basic count/non-count distinctions,CAM-A1-YLE,Restrict to common requests and descriptions,source-aligned,Original Langlo summary; references only
en-a1-013,English,A1,Pronouns,Use subject and object pronouns plus demonstratives in short clauses,CAM-A1-YLE,Frequent reference patterns in elementary communication,source-aligned,Original Langlo summary; references only
en-a1-014,English,A1,Adjectives,Describe people and familiar things with common adjectives and comparatives,CAM-A1-YLE,The A1 YLE list includes basic comparison; avoid elaborate comparison forms,local-alignment,Original Langlo summary; references only
en-a1-015,English,A1,Adverbs,Use common frequency and place adverbs in short statements,CAM-A1-YLE,Restrict to frequent items and simple placement,source-aligned,Original Langlo summary; references only
en-a1-016,English,A1,Prepositions,Use common prepositions of place and time in familiar phrases,CAM-A1-YLE,Directly represented in the A1 reference,source-aligned,Original Langlo summary; references only
en-a1-017,English,A1,Imperative,Understand and use short instructions and classroom-style imperatives,CAM-A1-YLE,Simple instructions are within elementary language use,source-aligned,Original Langlo summary; references only
en-a1-018,English,A1,Connectors,Join words and short clauses with simple additive and contrastive connectors,CAM-A1-YLE;COE-CV20,Linear coordination suits short A1 utterances,source-aligned,Original Langlo summary; references only
en-a2-001,English,A2,Past tense,Form regular and common irregular past simple statements and negatives as well as questions,CAM-A2-KEY,Supports short accounts of completed familiar events,source-aligned,Original Langlo summary; references only
en-a2-002,English,A2,Past tense,Use past continuous for ongoing or interrupted past events,CAM-A2-KEY,Listed by the A2 Key language specification; limit to simple narrative contrasts,source-aligned,Original Langlo summary; references only
en-a2-003,English,A2,Present perfect,Use present perfect with common markers for recent and life-experience events,CAM-A2-KEY,The reference lists these uses; this is a bounded A2 slice,source-aligned,Original Langlo summary; references only
en-a2-004,English,A2,Future,Use going to for plans and predictions based on present evidence,CAM-A2-KEY,Directly within the language specification,source-aligned,Original Langlo summary; references only
en-a2-005,English,A2,Future,Use will for simple predictions plus offers and promises,CAM-A2-KEY,The source assigns these pragmatic uses to its A2 specification,source-aligned,Original Langlo summary; references only
en-a2-006,English,A2,Future,Use present continuous for a simple arranged future event,CAM-A2-KEY,Limit to routine plans and arrangements,source-aligned,Original Langlo summary; references only
en-a2-007,English,A2,Modal verbs,Use can and could for ability and permission as well as simple requests,CAM-A2-KEY,Builds on elementary can with common past and polite uses,source-aligned,Original Langlo summary; references only
en-a2-008,English,A2,Modal verbs,Use must and have to for obligation and must not for prohibition,CAM-A2-KEY,These functions are included in the official A2 specification,source-aligned,Original Langlo summary; references only
en-a2-009,English,A2,Modal verbs,Use should for simple advice and need to for necessity,CAM-A2-KEY,Keep advice and necessity to familiar situations,source-aligned,Original Langlo summary; references only
en-a2-010,English,A2,Verb patterns,Choose infinitive and -ing forms after frequent verbs and prepositions,CAM-A2-KEY,Restrict to common patterns rather than the full complement system,source-aligned,Original Langlo summary; references only
en-a2-011,English,A2,Comparison,Form common comparative and superlative adjective phrases,CAM-A2-KEY,Supports everyday comparison and choice,source-aligned,Original Langlo summary; references only
en-a2-012,English,A2,Comparison,Compare how actions are done with frequent adverbs,CAM-A2-KEY,Keep the scope to common adverb comparison patterns,local-alignment,Original Langlo summary; references only
en-a2-013,English,A2,Relative clauses,Use simple identifying clauses with common relative words to identify familiar people and things,CAM-A2-KEY;COE-CV20,Restrict clauses to simple identifying descriptions,local-alignment,Original Langlo summary; references only
en-a2-014,English,A2,Connectors,Link short clauses with common connectors for cause and time as well as result,CAM-A2-KEY;COE-CV20,Simple cause and time relations support connected familiar messages,source-aligned,Original Langlo summary; references only
en-a2-015,English,A2,Conditionals,Use a basic real conditional for likely everyday possibilities,CAM-A2-KEY,Listed if-clauses support this narrow decision; other conditional patterns excluded,source-aligned,Original Langlo summary; references only
en-a2-016,English,A2,Reported speech,Report simple present statements and requests with common reporting verbs,CAM-A2-KEY,Source includes short reported-clause patterns; past-shift rules excluded,local-alignment,Original Langlo summary; references only
en-a2-017,English,A2,Passive,Recognize simple present and past passive forms in familiar notices and descriptions,CAM-A2-KEY,Included for recognition only because the A2 reference lists passive forms; productive passive is not assumed,local-alignment,Original Langlo summary; references only
en-a2-018,English,A2,Determiners,Use common quantifiers and amount expressions with count and non-count nouns,CAM-A2-KEY,Needed for everyday shopping and food contexts,source-aligned,Original Langlo summary; references only
en-a2-019,English,A2,Questions,Use question tags and short answers in frequent conversational patterns,CAM-A2-KEY,Limit to high-frequency interaction patterns,local-alignment,Original Langlo summary; references only
en-a2-020,English,A2,Adverbs,Place common adverbs of frequency and manner in simple clauses,CAM-A2-KEY,Extends A1 adverb repertoire without advanced clause adverbials,source-aligned,Original Langlo summary; references only
en-a2-021,English,A2,Prepositions,Choose common time and place prepositions in routine contexts,CAM-A2-KEY,Builds on A1 familiar phrases with a larger set of everyday patterns,source-aligned,Original Langlo summary; references only
en-a2-022,English,A2,Infinitive clauses,Use infinitive of purpose in short familiar explanations,CAM-A2-KEY,Connects a reason or goal to a simple action,source-aligned,Original Langlo summary; references only
